Tipo;VOCE;Albero;Pubblicato
Folder;Dati Cartografici;1;
Folder;Materiale Cartografico;2;
Folder;Acque interne;1.1;
Link Layer;DBTR - Alveo - (AAI_GPG);1.1.1;
Link Layer;DBTR - Area bagnata - (ABA_GPG);1.1.2;
Link Layer;DBTR - Canale - (CAN_GLI);1.1.3;
Link Layer;DBTR - Canale di scolo, canaletta irrigua - (CSR_GLI);1.1.4;
Link Layer;DBTR - Conduttura - (CDT_GPG);1.1.5;
Link Layer;DBTR - Conduttura (Sottoarea) - (CDT_GPGSA);1.1.6;
Link Layer;DBTR - Corso d'acqua naturale - (FIU_GLI);1.1.7;
Link Layer;DBTR - Diga - (DIG_GPG);1.1.8;
Link Layer;DBTR - Imbocco di corso d'acqua sotterraneo - (IAS_GLI);1.1.9;
Link Layer;DBTR - Opera idraulica di regolazione - (OIR_GPG);1.1.10;
Link Layer;DBTR - Sorgente - (SOR_GPT);1.1.11;
Link Layer;DBTR - Specchio d'acqua - (SDA_GPG);1.1.12;
Layer;Aree di pertinenza della rete idrografica - 1:10.000 (Digitale) - Edizione del 1988;1.1.13;
Layer;Archi fluviali - 1:10.000 (Digitale) - Edizione del 1988;1.1.14;
Layer;Bacini idrografici - 1:10.000 (Digitale) - Edizione del 1988;1.1.15;
Layer;Bacini idromorfologici - 1:10.000 (Digitale) - Edizione del 1988;1.1.16;
Layer;Casse di espansione - 1:10.000 (Digitale) - Edizione del 1988;1.1.17;
Layer;Laghi - 1:10.000 (Digitale) - Edizione del 1988;1.1.18;
Layer;Terrazzi - 1:10.000 (Digitale) - Edizione del 1988;1.1.19;
Folder;Acque marine;1.2;
Link Layer;DBTR - Area di mare - (MAR_GPG);1.2.1;
Link Layer;DBTR - Linea di costa marina - (COS_GLI);1.2.2;
Link Layer;DBTR - Linea di costa marina (Tratto) - (COS_GLITR);1.2.3;
Folder;Agricoltura;1.3;
Folder;Fitosanitario;1.3.1;
Folder;Viti-vinicolo;1.3.2;
Folder;Altimetria;1.4;
Link Layer;DBTR - Caposaldo - (CPS_GPT);1.4.1;
Link Layer;DBTR - Curva di livello - (CLV_GLI);1.4.2;
Link Layer;DBTR - Punto quotato - (PQT_GPT);1.4.3;
Layer;Curve di livello - 1:10.000 (Digitale) - Edizione del 1988;1.4.4;
Layer;Punti quotati - 1:10.000 (Digitale) - Edizione del 1988;1.4.5;
Folder;Morfologia;1.4.6;
Folder;Ambiente;1.5;
Folder;Aree protette;1.5.1;
Layer;Parchi e Riserve (limiti);1.5.1.1;
Layer;Parchi e Riserve (zone);1.5.1.2;
Layer;Paesaggi protetti;1.5.1.3;
Layer;Aree riequilibrio ecologico;1.5.1.4;
Layer;SIC e ZPS regionali;1.5.1.5;
Layer;Habitat di SIC e ZPS - aree;1.5.1.6;
Layer;Habitat di SIC e ZPS - linee;1.5.1.7;
Layer;Habitat di SIC e ZPS - punti;1.5.1.8;
Folder;Percorsi escursionistici;1.5.2;
Layer;Percorso escursionistico;1.5.2.1;
Layer;Tratto fuori regione;1.5.2.2;
Layer;Tratto difficile-attrezzato;1.5.2.3;
Layer;Strutture museali;1.5.2.4;
Layer;Ostello;1.5.2.5;
Layer;Stazione ferroviaria;1.5.2.6;
Layer;Scuderia;1.5.2.7;
Layer;Campeggio;1.5.2.8;
Layer;Attrezzatura alberghiera;1.5.2.9;
Layer;Agriturismo;1.5.2.10;
Layer;Farmacia;1.5.2.11;
Layer;Parcheggio;1.5.2.12;
Layer;Fermata bus;1.5.2.13;
Layer;Sorgente o fontana;1.5.2.14;
Layer;Pericolo valanghe;1.5.2.15;
Layer;Punto panoramico orientato a Ovest;1.5.2.16;
Layer;Punto panoramico orientato a Sud;1.5.2.17;
Layer;Punto panoramico orientato a Est;1.5.2.18;
Layer;Punto panoramico orientato a Nord;1.5.2.19;
Layer;Punto panoramico a 360 gradi;1.5.2.20;
Layer;Limitazione al transito;1.5.2.21;
Layer;Emergenza antropico-ambientale;1.5.2.22;
Layer;Ricovero di emergenza;1.5.2.23;
Layer;Rifugi;1.5.2.24;
Layer;Centro visita;1.5.2.25;no
Layer;Area di sosta attrezzata;1.5.2.26;
Folder;Qualità acque;1.5.3;
Folder;Qualità aria;1.5.4;
Folder;Biologia;1.6;
Folder;Biodiversità;1.6.1;
Folder;Fauna;1.6.2;
Folder;Habitat e biotopi;1.6.3;
Link Layer;Habitat di SIC e ZPS - aree;1.6.3.1;
Link Layer;Habitat di SIC e ZPS - linee;1.6.3.2;
Link Layer;Habitat di SIC e ZPS - punti;1.6.3.3;
Folder;Vegetazione;1.6.4;
Layer;Quadro di unione Parchi;1.6.4.1;
Layer;Stazioni rilievi vegetazionali - Edizione 2016;1.6.4.2;
Layer;Carta della vegetazione - Parco regionale di Monte Sole - Edizione 2015;1.6.4.3;
Layer;Carta della vegetazione - Parco regionale dell'Abbazia di Monteveglio - Edizione 2014;1.6.4.4;
Layer;Carta della vegetazione - Parco regionale dei Laghi di Suviana e Brasimone - Edizione 2014;1.6.4.5;
Layer;Carta della vegetazione - Parco regionale dei Gessi Bolognesi e Calanchi dell'Abbadessa - Edizione 2013;1.6.4.6;
Layer;Carta della vegetazione - Alto Appennino Reggiano (Digitale) - Edizione 2002;1.6.4.7;
Layer;Carta della vegetazione - Parco regionale del Corno alle Scale (Digitale) - Edizione 2002;1.6.4.8;
Layer;Carta della vegetazione - Parco regionale del Delta del Po - Stazione Campotto di Argenta (Digitale) - Edizione 1999;1.6.4.9;
Layer;Carta della vegetazione - Parco regionale del Delta del Po - Stazione Volano - Mesola - Goro (Digitale) - Edizione 1999;1.6.4.10;
Layer;Carta della vegetazione - Parco regionale dell'Abbazia di Monteveglio (Digitale) - Edizione del 2004;1.6.4.11;
Layer;Carta della vegetazione - Torriana - Sezione 267010 (Digitale) - Edizione 1995;1.6.4.12;
Layer;Carta della vegetazione - Monte Nero (PC) (Digitale) - Edizione 2004;1.6.4.13;
Layer;Carta della vegetazione - Parco regionale dei Sassi di Roccamalatina (Digitale) - Edizione 1996;1.6.4.14;
Layer;Carta della vegetazione - Versante romagnolo del Parco nazionale delle Foreste Casentinesi - M. Falterona - Campigna (Digitale) - Edizione 1995;1.6.4.15;
Layer;Carta della vegetazione - Valle del Sintria (RA) (Digitale) - Edizione 2004;1.6.4.16;
Layer;Carta della vegetazione - Alta Val Parma e Cedra (Digitale) - Edizione 2002;1.6.4.17;
Layer;Carta della vegetazione - Tavola 236 - SE Montese (Digitale) - Edizione 1990;1.6.4.18;
Layer;Carta della vegetazione - Parco regionale dei Laghi di Suviana e Brasimone (Digitale) - Edizione 2002;1.6.4.19;
Layer;Carta della vegetazione - Parco regionale del Delta del Po - Stazione Pineta di San Vitale e Piallasse di Ravenna (Digitale) - Edizione 1999;1.6.4.20;
Layer;Carta della vegetazione - Parco regionale del Delta del Po - Stazioni Centro storico e Valli di Comacchio (Digitale) - Edizione 1999;1.6.4.21;
Layer;Carta della vegetazione - Parco regionale dei Boschi di Carrega (Digitale) - Edizione 1999;1.6.4.22;
Layer;Carta della vegetazione - Parco regionale dell'alto Appennino Modenese (Digitale) - Edizione 1994;1.6.4.23;
Layer;Carta della vegetazione - Parco regionale fluviale dello Stirone (Digitale) - Edizione 2002;1.6.4.24;
Layer;Carta della vegetazione - Parco regionale fluviale del Taro (Digitale) - Edizione 1999;1.6.4.25;
Layer;Carta della vegetazione - Parco regionale di Monte Sole - Contrafforte Pliocenico (Digitale) - Edizione 1996;1.6.4.26;
Layer;Carta della vegetazione - Parco regionale dei Gessi Bolognesi e Calanchi dell'Abbadessa (Digitale) - Edizione 1999;1.6.4.27;
Layer;Carta della vegetazione - Parco regionale del Delta del Po - Stazione Pineta di Classe e Saline di Cervia (Digitale) - Edizione 1999;1.6.4.28;
Folder;Cartografia di base;1.7;
Folder;Cartografia tecnica;1.7.1;
Layer;DBTR - Carta Tecnica Regionale 1:5000;1.7.1.1;
Layer;DBTR - Carta Tecnica Regionale 1:5000 - Light;1.7.1.2;
Layer;DBTR - Carta Tecnica Regionale 1:5000 - versione stampabile con cartiglio;1.7.1.3;
Layer;DBTR2013 - Carta Tecnica Regionale 1:5000 - CTR 5k;1.7.1.4;
Layer;DBTR2013 - Carta Tecnica Regionale 1:5000 - Light;1.7.1.5;
Layer;DBTR2013 - Carta Tecnica Regionale 1:5000 - CTR 5k - versione stampabile con cartiglio;1.7.1.6;
Layer;DBTR2008 - Carta Tecnica Regionale 1:5000;1.7.1.7;
Layer;DBTR2008 - Carta Tecnica Regionale 1:5000 Light - CTR 5k;1.7.1.8;
Layer;DBTR2008 - Carta Tecnica Regionale 1:5000 - CTR 5k - versione stampabile con cartiglio;1.7.1.9;
Layer;Carta Tecnica Regionale - 1:5.000 (Digitale) - Edizione 1998;1.7.1.10;
Folder;Carte topografiche;1.7.2;
Layer;DBTR - Carta Topografica Regionale 1:25.000;1.7.2.1;
Layer;DBTR - Carta Topografica Regionale 1:25.000 - versione stampabile con cartiglio;1.7.2.2;
Layer;DBTR2013 - Carta Topografica Regionale 1:25.000 - Edizione 2014;1.7.2.3;
Layer;DBTR2013 - Carta Topografica Regionale 1:25.000 - Edizione 2014 - versione stampabile con cartiglio;1.7.2.4;
Layer;Nuova Carta Topografica Regionale - 1:25.000 - Edizione 2014;1.7.2.5;
Layer;Nuova Carta Topografica Regionale 1:25.000 - versione stampabile con cartiglio;1.7.2.6;
Layer;Carta Topografica Regionale - 1:25.000 (Digitale) - Edizione 1998-2000;1.7.2.7;
Layer;Carta fisico-politica dell'Emilia-Romagna - 1:250.000 - Colori - Edizione del 2016;1.7.2.8;
Layer;Carta fisico-politica dell'Emilia-Romagna - 1:250.000 - Monocromatica - Edizione del 2016;1.7.2.9;
Layer;Carta fisico-politica dell'Emilia-Romagna - 1:250.000 - Colori - Edizione del 2014;1.7.2.10;
Layer;Carta fisico-politica dell'Emilia-Romagna - 1:250.000 - Monocromatica - Edizione del 2014;1.7.2.11;
Layer;Carta Topografica Regionale - 1:250.000 (Digitale) - Edizione del 1994;1.7.2.12;
Folder;Cartografia storica;1.7.3;
Layer;Carta Storica Regionale - 1:50.000 (Digitale) - Edizione del 1999;1.7.3.1;
Folder;Database Topografico Regionale;1.7.4;
Folder;Ambiti amministrativi;1.7.4.1;
Folder;Ambiti amministrativi enti locali;1.7.4.1.1;
Layer;DBTR - Comune - (COM_GPG);1.7.4.1.1.1;
Layer;DBTR2013 - Comune - (COM_GPG);1.7.4.1.1.2;
Layer;DBTR2008 - Comune - (COM_GPG);1.7.4.1.1.3;
Layer;DBTR - Limite amministrativo - (LAM_GLI);1.7.4.1.1.4;
Layer;DBTR - Provincia - (PRV_GPG);1.7.4.1.1.5;
Layer;DBTR - Regione - (REG_GPG);1.7.4.1.1.6;
Layer;Aree comunali - 1:10.000 (Digitale) - Edizione del 1988 - pk;1.7.4.1.1.7;
Link Layer;Comune - (COM_GPG) Edizione del 2016;1.7.4.1.1.8;
Link Layer;Comune - (COM_GPT) Edizione del 2016;1.7.4.1.1.9;
Link Layer;Comune - (COM_GPG) Edizione del 2014;1.7.4.1.1.10;
Link Layer;Comune - (COM_GPT) Edizione del 2014;1.7.4.1.1.11;
Link Layer;Unione di Comuni - Edizione del 2015;1.7.4.1.1.12;
Folder;Aree di pertinenza;1.7.4.2;
Folder;Servizi per il trasporto;1.7.4.2.1;
Layer;DBTR - Area a servizio aeroportuale - (ITS_AER_GPG);1.7.4.2.1.1;
Layer;DBTR - Area a servizio del trasporto su ferro - (ITS_FER_GPG);1.7.4.2.1.2;
Layer;DBTR - Area a servizio di infrastruttura di trasporto - (ITS_INT_GPG);1.7.4.2.1.3;
Layer;DBTR - Area a servizio stradale - (ITS_STR_GPG);1.7.4.2.1.4;
Layer;DBTR - Area a servizio portuale - (ITS_POR_GPG);1.7.4.2.1.5;
Layer;DBTR - Piattaforma di infrastruttura di trasporto su ferro - (SIR_GPG);1.7.4.2.1.6;
Folder;Pertinenze;1.7.4.2.2;
Layer;DBTR - Area di impianto industriale - (SID_GPG);1.7.4.2.2.1;
Layer;DBTR - Area ricreativa o servizio - (SUB_GPG);1.7.4.2.2.2;
Folder;Cave - discariche;1.7.4.2.3;
Layer;DBTR - Area estrattiva o discarica - (SSD_GPG);1.7.4.2.3.1;
Folder;Gestione viabilità e indirizzi;1.7.4.3;
Folder;Toponimi e numeri civici;1.7.4.3.1;
Layer;DBTR - Accesso - (ACC_GPT);1.7.4.3.1.1;
Layer;DBTR - Accesso (Proiezione) - (ACC_PROIEZ_GPT);1.7.4.3.1.2;
Layer;DBTR - Civico - (NCV_GPT);1.7.4.3.1.3;
Layer;DBTR - Toponimo stradale comunale - (TPS_GLI);1.7.4.3.1.4;
Layer;DBTR - Civico (Proiezione) - (NCV_PROIEZ_GPT);1.7.4.3.1.5;
Layer;DBTR2013 - Civico - (NCV_GPT);1.7.4.3.1.6;
Layer;DBTR2008 - Civico - (NCV_GPT);1.7.4.3.1.7;
Layer;DBTR2013 - Civico (Proiezione) - (NCV_PROIEZ_GPT);1.7.4.3.1.8;
Layer;DBTR2008 - Civico (Proiezione) - (NCV_PROIEZ_GPT);1.7.4.3.1.9;
Layer;DBTR2008 - Toponimo stradale comunale - (TPS_GLI);1.7.4.3.1.10;
Folder;Amministrazione viabilità;1.7.4.3.2;
Layer;DBTR - Elemento stradale - (EST_GLI);1.7.4.3.2.1;
Layer;DBTR2013 - Elemento stradale - (EST_GLI);1.7.4.3.2.2;
Layer;DBTR - Giunzione stradale - (GST_GPT);1.7.4.3.2.3;
Layer;DBTR2013 - Giunzione stradale - (GST_GPT);1.7.4.3.2.4;
Layer;DBTR - Intersezione stradale - (IST_GPT);1.7.4.3.2.5;
Layer;DBTR - Strada - (STR_GLI);1.7.4.3.2.6;
Layer;DBTR2013 - Strada - (STR_GLI);1.7.4.3.2.7;
Layer;DBTR2008 - Strada - (STR_GLI);1.7.4.3.2.8;
Layer;DBTR - Tratto stradale - (TRS_GLI);1.7.4.3.2.9;
Folder;Idrografia;1.7.4.4;
Folder;Acque interne e di transizione;1.7.4.4.1;
Layer;DBTR - Area bagnata - (ABA_GPG);1.7.4.4.1.1;
Layer;DBTR - Canale - (CAN_GLI);1.7.4.4.1.2;
Layer;DBTR - Corso d'acqua naturale - (FIU_GLI);1.7.4.4.1.3;
Layer;DBTR - Sorgente - (SOR_GPT);1.7.4.4.1.4;
Layer;DBTR - Specchio d'acqua - (SDA_GPG);1.7.4.4.1.5;
Folder;Acque marine;1.7.4.4.2;
Layer;DBTR - Area di mare - (MAR_GPG);1.7.4.4.2.1;
Layer;DBTR - Linea di costa marina - (COS_GLI);1.7.4.4.2.2;
Layer;DBTR - Linea di costa marina (Tratto) - (COS_GLITR);1.7.4.4.2.3;
Folder;Ghiacciai e nevai perenni;1.7.4.4.3;
Folder;Reticolo idrografico;1.7.4.4.4;
Folder;Immobili e antropizzazioni;1.7.4.5;
Folder;Edificato;1.7.4.5.1;
Layer;DBTR - Cassone edilizio - (FAB_GPG);1.7.4.5.1.1;
Layer;DBTR - Edificio - (EDI_GPG);1.7.4.5.1.2;
Layer;DBTR2013 - Edificio - (EDI_GPG);1.7.4.5.1.3;
Layer;DBTR2008 - Edificio - (EDI_GPG);1.7.4.5.1.4;
Layer;DBTR - Falda - (FDA_GPG);1.7.4.5.1.5;
Layer;DBTR - Unità volumetrica - (UVL_GPG);1.7.4.5.1.6;
Folder;Manufatti;1.7.4.5.2;
Layer;DBTR - Area antropizzata indifferenziata - (AZI_GPG);1.7.4.5.2.1;
Layer;DBTR - Conduttura - (CDT_GPG);1.7.4.5.2.2;
Layer;DBTR - Conduttura (Sottoarea) - (CDT_GPGSA);1.7.4.5.2.3;
Layer;DBTR - Elemento divisorio lineare - (DIV_GLI);1.7.4.5.2.4;
Layer;DBTR - Manufatto del trasporto - (MTR_GPG);1.7.4.5.2.5;
Layer;DBTR - Manufatto di impianto sportivo ricreativo - (MIS_GPG);1.7.4.5.2.6;
Layer;DBTR - Manufatto monumentale e di arredo urbano - (MED_GPG);1.7.4.5.2.7;
Layer;DBTR - Manufatto industriale - (MIN_GPG);1.7.4.5.2.8;
Layer;DBTR - Manufatto lineare - (MAL_GLI);1.7.4.5.2.9;
Layer;DBTR - Localizzazione di manufatto edilizio o di arredo/igene urbana - (MAP_GPT);1.7.4.5.2.10;
Layer;DBTR - Muro o divisione in spessore - (MDV_GPG);1.7.4.5.2.11;
Layer;DBTR - Palo - (PAL_GPT);1.7.4.5.2.12;
Layer;DBTR - Sostegno a traliccio - (TRL_GPG);1.7.4.5.2.13;
Folder;Opere delle infrastrutture di trasporto;1.7.4.5.3;
Layer;DBTR - Galleria - (GAL_GPG);1.7.4.5.3.1;
Layer;DBTR - Ponte/viadotto/cavalcavia - (PON_GPG);1.7.4.5.3.2;
Folder;Opere di sostegno e di difesa del suolo;1.7.4.5.4;
Layer;DBTR - Muro di sostegno e ritenuta del terreno - (MSD_GPG);1.7.4.5.4.1;
Folder;Opere idrauliche, di difesa e di regimazione idraulica;1.7.4.5.5;
Layer;DBTR - Argine - (ARG_GPG);1.7.4.5.5.1;
Layer;DBTR - Attrezzatura per la navigazione - (ONV_GPG);1.7.4.5.5.2;
Layer;DBTR - Canale di scolo, canaletta irrigua - (CSR_GLI);1.7.4.5.5.3;
Layer;DBTR - Diga - (DIG_GPG);1.7.4.5.5.4;
Layer;DBTR - Imbocco di corso d'acqua sotterraneo - (IAS_GLI);1.7.4.5.5.5;
Layer;DBTR - Opera idraulica di regolazione - (OIR_GPG);1.7.4.5.5.6;
Layer;DBTR - Opera portuale o di difesa della costa - (OPT_GPG);1.7.4.5.5.7;
Folder;Informazioni geodetiche e fotogrammetriche;1.7.4.6;
Folder;Informazioni cartografiche e metainformazioni;1.7.4.6.1;
Folder;Informazioni fotogrammetriche;1.7.4.6.2;
Folder;Informazioni geodetiche;1.7.4.6.3;
Layer;DBTR - Caposaldo - (CPS_GPT);1.7.4.6.3.1;
Layer;DBTR - Punto fiduciale catastale - (PCT_GPT);1.7.4.6.3.2;
Layer;Rete geodetica di Raffittimento - RER GPS7 ETRF00;1.7.4.6.3.3;
Layer;DBTR - Vertice di rete - (VRT_GPT);1.7.4.6.3.4;
Folder;Località significative e scritte cartografiche;1.7.4.7;
Folder;Località significative;1.7.4.7.1;
Layer;DBTR - Località abitata (areale) - (LAB_GPG);1.7.4.7.1.1;
Layer;DBTR2013 - Località abitata (areale) - (LAB_GPG);1.7.4.7.1.2;
Layer;DBTR2008 - Località abitata (areale) - (LAB_GPG);1.7.4.7.1.3;
Layer;DBTR - Località abitata (puntuale) - (LAB_GPT);1.7.4.7.1.4;
Layer;DBTR2013 - Località abitata (puntuale) - (LAB_GPT);1.7.4.7.1.5;
Layer;DBTR2008 - Località abitata (puntuale) - (LAB_GPT);1.7.4.7.1.6;
Folder;Scritte cartografiche;1.7.4.7.2;
Layer;DBTR - Toponimo (scritta cartografica) - (TOP_GPG);1.7.4.7.2.1;
Folder;Orografia;1.7.4.8;
Folder;Altimetria;1.7.4.8.1;
Layer;DBTR - Curva di livello - (CLV_GLI);1.7.4.8.1.1;
Layer;DBTR - Punto quotato - (PQT_GPT);1.7.4.8.1.2;
Folder;Batimetria;1.7.4.8.2;
Folder;Forme del terreno;1.7.4.8.3;
Layer;DBTR - Alveo - (AAI_GPG);1.7.4.8.3.1;
Layer;DBTR - Area di scavo o discarica - (SCD_GPG);1.7.4.8.3.2;
Layer;DBTR - Area in trasformazione o non strutturata - (TNT_GPG);1.7.4.8.3.3;
Layer;DBTR - Forma del terreno puntiforme - (FTP_GPT);1.7.4.8.3.4;
Layer;DBTR - Forma naturale del terreno - (ZRC_GPG);1.7.4.8.3.5;
Layer;DBTR - Orlo di frana - (OCF_GLI);1.7.4.8.3.6;
Layer;DBTR - Orlo di scarpata - (OSC_GLI);1.7.4.8.3.7;
Layer;DBTR - Scarpata - (SCA_GPG);1.7.4.8.3.8;
Folder;Modelli digitali del terreno (TIN, DEM/DTM);1.7.4.8.4;
Folder;Reti di sottoservizi;1.7.4.9;
Folder;Rete di distribuzione del gas;1.7.4.9.1;
Folder;Rete di smaltimento delle acque;1.7.4.9.2;
Folder;Rete di teleriscaldamento;1.7.4.9.3;
Folder;Rete elettrica;1.7.4.9.4;
Layer;DBTR - Tratta di elettrodotto aereo - (TEA_GLI);1.7.4.9.4.1;
Folder;Rete idrica di approvvigionamento;1.7.4.9.5;
Folder;Reti di telecomunicazioni e cablaggi;1.7.4.9.6;
Folder;Oleodotti;1.7.4.9.7;
Folder;Vegetazione;1.7.4.10;
Folder;Aree agro - forestali;1.7.4.10.1;
Layer;DBTR - Cultura agricola - (AGR_GPG);1.7.4.10.1.1;
Layer;DBTR - Area temporaneamente priva di vegetazione - (AUV_GPG);1.7.4.10.1.2;
Layer;DBTR - Bosco - (BSC_GPG);1.7.4.10.1.3;
Layer;DBTR - Formazione particolare - (VPR_GPG);1.7.4.10.1.4;
Layer;DBTR - Pascolo o incolto - (PAI_GPG);1.7.4.10.1.5;
Folder;Verde urbano;1.7.4.10.2;
Layer;DBTR - Albero isolato - (ALB_GPT);1.7.4.10.2.1;
Layer;DBTR - Area verde - (PSR_GPG);1.7.4.10.2.2;
Layer;DBTR - Filare di alberi - (FIL_GLI);1.7.4.10.2.3;
Layer;DBTR - Siepe - (SIE_GLI);1.7.4.10.2.4;
Folder;Viabilità e trasporti;1.7.4.11;
Folder;Altro trasporto;1.7.4.11.1;
Layer;DBTR - Elemento di trasporto a fune - (ITF_GLI);1.7.4.11.1.1;
Folder;Ferrovie;1.7.4.11.2;
Layer;DBTR - Elemento ferroviario - (EFE_GLI);1.7.4.11.2.1;
Layer;DBTR - Intersezione di infrastruttura di trasporto su ferro - (IFE_GPT);1.7.4.11.2.2;
Folder;Strade;1.7.4.11.3;
Layer;DBTR - Area di circolazione ciclabile - (ACI_GPG);1.7.4.11.3.1;
Layer;DBTR - Area di circolazione pedonale - (ACP_GPG);1.7.4.11.3.2;
Layer;DBTR - Area di circolazione veicolare - (ACS_GPG);1.7.4.11.3.3;
Layer;DBTR - Area di viabilità mista secondaria - (AVS_GPG);1.7.4.11.3.4;
Layer;DBTR - Area stradale - (AST_GPG);1.7.4.11.3.5;
Layer;DBTR - Elemento di percorso ciclabile - (EPC_GLI);1.7.4.11.3.6;
Layer;DBTR - Elemento viabilità mista secondaria - (EVS_GLI);1.7.4.11.3.7;
Layer;DBTR - Sentiero - (SEN_GLI);1.7.4.11.3.8;
Folder;Immagini;1.7.5;
Layer;Ortofoto TeA 2014;1.7.5.1;
Layer;Ortofoto AGEA 2011 (Digitale);1.7.5.2;
Layer;Ortofoto multifunzione EMILIA-ROMAGNA - AGEA 2008 (Digitale);1.7.5.3;
Folder;Quadri di unione;1.7.6;
Layer;Quadro di unione 1:50.000;1.7.6.1;
Layer;Quadro di unione 1:25.000;1.7.6.2;
Layer;Quadro di unione 1:10.000;1.7.6.3;
Layer;Quadro di unione 1:5.000;1.7.6.4;
Layer;Quadro di unione 1:250.000;1.7.6.5;
Folder;Rete geodetica;1.7.7;
Folder;Climatologia e meteorologia;1.8;
Folder;Confini;1.9;
Layer;Comune - (COM_GPG) Edizione del 2016 - 5K;1.9.1;
Layer;Comune - (COM_GPG) Edizione del 2016 - 25K;1.9.2;
Layer;Comune - (COM_GPG) Edizione del 2016 - 100K;1.9.3;
Layer;Comune - (COM_GPG) Edizione del 2016 - 250K;1.9.4;
Layer;Comune - (COM_GPT) Edizione del 2016;1.9.5;
Layer;Comune - (COM_GPG) Edizione del 2014 - 5K;1.9.6;
Layer;Comune - (COM_GPG) Edizione del 2014 - 25K;1.9.7;
Layer;Comune - (COM_GPG) Edizione del 2014 - 100K;1.9.8;
Layer;Comune - (COM_GPG) Edizione del 2014 - 250K;1.9.9;
Layer;Comune - (COM_GPT) Edizione del 2014;1.9.10;
Layer;Limite amministrativo - (LAM_GLI) Edizione del 2016 - 5K;1.9.11;
Layer;Limite amministrativo - (LAM_GLI) Edizione del 2016 - 25k;1.9.12;
Layer;Limite amministrativo - (LAM_GLI) Edizione del 2016 - 100k;1.9.13;
Layer;Limite amministrativo - (LAM_GLI) Edizione del 2016 - 250k;1.9.14;
Layer;Limite amministrativo - (LAM_GLI) Edizione del 2014 - 5K;1.9.15;
Layer;Limite amministrativo - (LAM_GLI) Edizione del 2014 - 25k;1.9.16;
Layer;Limite amministrativo - (LAM_GLI) Edizione del 2014 - 100k;1.9.17;
Layer;Limite amministrativo - (LAM_GLI) Edizione del 2014 - 250k;1.9.18;
Layer;Unione di Comuni - Edizione del 2016;1.9.19;
Link Layer;DBTR - Comune - (COM_GPG);1.9.20;
Link Layer;DBTR - Limite amministrativo - (LAM_GLI);1.9.21;
Link Layer;DBTR - Provincia - (PRV_GPG);1.9.22;
Link Layer;DBTR - Regione - (REG_GPG);1.9.23;
Layer;Aree comunali - 1:10.000 (Digitale) - Edizione del 1988;1.9.24;
Layer;Limiti comunali - 1:10.000 (Digitale) - Edizione del 1988;1.9.25;
Folder;Economia;1.10;
Folder;Risorse energetiche;1.10.1;
Folder;Risorse minerarie;1.10.2;
Folder;Turismo;1.10.3;
Folder;Informazioni geoscientifiche;1.11;
Folder;Acque sotterranee;1.11.1;
Folder;Geologia;1.11.2;
Layer;Affioramenti (aree) - 10k;1.11.2.1;
Layer;Affioramenti (punti) - 10k;1.11.2.2;
Layer;Ambienti deposizionali e litologie - 10k;1.11.2.3;
Layer;Coperture quaternarie - 10k;1.11.2.4;
Layer;Elementi geomorfologici e antropici lineari - 10k;1.11.2.5;
Layer;Elementi geomorfologici e antropici puntuali - 10k;1.11.2.6;
Layer;Elementi strutturali - 10k;1.11.2.7;
Layer;Risorse e prospezioni - 10k;1.11.2.8;
Layer;Processi geologici particolari - 10k;1.11.2.9;
Layer;Limiti di unità geologiche - 10k;1.11.2.10;
Layer;Punti di osservazione e misura - 10k;1.11.2.11;
Layer;Unità geologiche - 10k;1.11.2.12;
Layer;Prove Geognostiche puntuali;1.11.2.13;
Layer;Domini paleogeografici - copertura vettoriale;1.11.2.14;
Layer;Elementi geomorfologici e antropici puntuali - 50k;1.11.2.15;
Layer;Punti di osservazione e misura - 50k;1.11.2.16;
Layer;Tracciati geologici e geofisici - 50k;1.11.2.17;
Layer;Elementi geomorfologici e antropici lineari - 50k;1.11.2.18;
Layer;Descrizione del sottosuolo tramite isolinee - 50k;1.11.2.19;
Layer;Elementi strutturali - 50k;1.11.2.20;
Layer;Livelli guida - 50k;1.11.2.21;
Layer;Limiti di unita cartografabili geologiche - 50k;1.11.2.22;
Layer;Processi geologici particolari - 50k;1.11.2.23;
Layer;Elementi geomorfologici e antropici poligonali - 50k;1.11.2.24;
Layer;Ambienti deposizionali e litologie - 50k;1.11.2.25;
Layer;Unita cartografabili geologiche - 50k;1.11.2.26;
Layer;Risorse e prospezioni - 50k;1.11.2.27;
Folder;Patrimonio geologico;1.11.3;
Layer;Paesaggio geologico - copertura vettoriale - Edizione 2007;1.11.3.1;
Layer;Cavita naturali-puntuali;1.11.3.2;
Folder;Suoli;1.11.4;
Layer;Inventario dati ambientali -Edizione 2012;1.11.4.1;no
Layer;Suoli pianura e collina emiliano-romagnola, scala 1:50.000 - Edizione 2015;1.11.4.2;
Layer;Campioni analisi terreni;1.11.4.3;no
Layer;Capacità d'uso dei suoli di pianura, scala 1:50.000 - Edizione 2005;1.11.4.4;
Layer;Suoli 1:250.000 della Regione Emilia-Romagna - Edizione 1994;1.11.4.5;
Layer;Batterie falde superficiali - Edizione 2015;1.11.4.6;
Layer;Carbonio organico immagazzinato nei suoli di pianura tra 0-30 cm;1.11.4.7;no
Layer;Carbonio organico immagazzinato nei suoli di pianura tra 0-100 cm;1.11.4.8;
Layer;Carbonio organico immagazzinato nei suoli dell’Appennino tra 0-30 cm;1.11.4.9;
Layer;Carbonio organico immagazzinato nei suoli dell’Appennino tra 0-100 cm;1.11.4.10;
Layer;Fondo naturale del Cromo [Cr] della pianura emiliano-romagnola - 2a edizione;1.11.4.11;
Layer;Fondo naturale del Nichel [Ni] della pianura emiliano-romagnola - 2a edizione;1.11.4.12;
Layer;Fondo naturale del Piombo [Pb] della pianura emiliano-romagnola - 2a edizione;1.11.4.13;
Layer;Fondo naturale del Rame [Cu] della pianura emiliano-romagnola - 2a edizione;1.11.4.14;
Layer;Fondo naturale dello Zinco [Zn] della pianura emiliano-romagnola - 2a edizione;1.11.4.15;
Layer;Fondo naturale di Vanadio [V] della pianura emiliana-romagnola;1.11.4.16;
Layer;Fondo naturale antropico del Cromo [Cr] della pianura emiliano-romagnola;1.11.4.17;
Layer;Fondo naturale antropico del Nichel [Ni] della pianura emiliano-romagnola;1.11.4.18;
Layer;Fondo naturale antropico del Piombo [Pb] della pianura emiliano-romagnola;1.11.4.19;
Layer;Fondo naturale antropico del Rame [Cu] della pianura emiliano-romagnola;1.11.4.20;
Layer;Fondo naturale antropico dello Stagno [Sn] della pianura emiliano-romagnola;1.11.4.21;
Layer;Fondo naturale antropico dello Zinco [Zn] della pianura emiliano-romagnola;1.11.4.22;
Layer;Fondo naturale antropico dell'Arsenico [As] della pianura emiliano-romagnola;1.11.4.23;
Layer;Fondo naturale antropico del Vanadio [V] della pianura emiliano-romagnola;1.11.4.24;
Layer;Carbonio organico immagazzinato nei suoli di pianura tra 0-30 cm - seconda edizione;1.11.4.25;
Layer;Carta del contenuto percentuale di argilla nei suoli della pianura tra 0-30 cm;1.11.4.26;no
Layer;Contenuto percentuale di carbonio organico nei suoli dell'Appennino tra 0-30 cm;1.11.4.27;
Layer;Sostanza organica dei suoli della pianura emiliano-romagnola - strato 0-30 cm - seconda edizione;1.11.4.28;
Layer;Salinità dei suoli della pianura emiliano-romagnola tra 0-50 cm. 2a approssimazione;1.11.4.29;
Layer;Salinità dei suoli della pianura emiliano-romagnola tra 50-100 cm. Prima approssimazione;1.11.4.30;
Layer;Carta dei Gruppi Idrologici della pianura emiliano-romagnola;1.11.4.31;
Layer;Carta della conducibilità idraulica satura dei suoli di pianura in scala 1:50.000;1.11.4.32;
Layer;Tessitura dei suoli della pianura emiliano-romagnola - strato 0-30 cm, scala 1:50.000;1.11.4.33;
Folder;Zone a rischio naturale;1.11.5;
Folder;Costa;1.11.6;
Layer;Linea di costa 2005;1.11.6.1;
Folder;Intelligence e settore militare;1.12;
Folder;Localizzazione;1.13;
Link Layer;DBTR - Accesso - (ACC_GPT);1.13.1;
Link Layer;DBTR - Accesso (Proiezione) - (ACC_PROIEZ_GPT);1.13.2;
Link Layer;DBTR - Civico - (NCV_GPT);1.13.3;
Link Layer;DBTR - Civico (Proiezione) - (NCV_PROIEZ_GPT);1.13.4;
Link Layer;DBTR - Località abitata (areale) - (LAB_GPG);1.13.5;
Link Layer;DBTR - Località abitata (puntuale) - (LAB_GPT);1.13.6;
Link Layer;DBTR - Toponimo (scritta cartografica) - (TOP_GPG);1.13.7;
Layer;Insediamenti urbani - 1:10.000 (Digitale) - edizione del 1988;1.13.8;
Link Layer;Quadro di unione 1:5.000;1.13.9;
Link Layer;Quadro di unione 1:10.000;1.13.10;
Link Layer;Quadro di unione 1:25.000;1.13.11;
Link Layer;Quadro di unione 1:50.000;1.13.12;
Link Layer;Quadro di unione 1:250.000;1.13.13;
Folder;Mappe cache;1.14;
Layer;Ortofoto multifunzione EMILIA-ROMAGNA - AGEA 2008 (Digitale) ;1.14.1;
Layer;Ortofoto AGEA 2011 (Digitale);1.14.2;
Folder;Pianificazione e catasto;1.15;
Folder;Aree protette;1.15.1;
Link Layer;Parchi e Riserve (limiti);1.15.1.1;
Link Layer;Parchi e Riserve (zone);1.15.1.2;
Link Layer;Paesaggi protetti;1.15.1.3;
Link Layer;Aree riequilibrio ecologico;1.15.1.4;
Link Layer;SIC e ZPS regionali;1.15.1.5;
Folder;Catasto;1.15.2;
Folder;Demanio;1.15.3;
Folder;Pianificazione comunale;1.15.4;
Folder;Piani Strutturali (PSC);1.15.4.1;
Layer;Macro classificazione del territorio comunale (S_TER_PL);1.15.4.1.1;
Layer;Dotazioni territoriali (S_DOT_LI);1.15.4.1.2;
Layer;Dotazioni territoriali (S_DOT_PL);1.15.4.1.3;
Layer;Dotazioni territoriali (S_DOT_PT);1.15.4.1.4;
Layer;Infrastrutture e servizi per la mobilità (S_MOB_LI);1.15.4.1.5;
Layer;Infrastrutture e servizi per la mobilità (S_MOB_PL);1.15.4.1.6;
Layer;Infrastrutture e servizi per la mobilità (S_MOB_PT);1.15.4.1.7;
Layer;Assetto territoriale (S_ASS_PL);1.15.4.1.8;
Folder;Pianificazione provinciale;1.15.5;
Folder;Pianificazione regionale;1.15.6;
Folder;Piano Territoriale Paesaggistico Regionale;1.15.6.1;
Layer;Carta della utilizzazione reale del suolo del PTPR 1993;1.15.6.2;
Layer;Carta della utilizzazione reale del suolo del PTPR 1993;1.15.6.3;
Layer;Carta delle tutele del PTPR 1993;1.15.6.4;
Folder;Protezione civile;1.15.7;
Folder;Uso del suolo;1.15.8;
Layer;1994 - Coperture vettoriali dell'uso del suolo - Edizione 2015;1.15.8.1;
Layer;2011 - Coperture vettoriali dell'uso del suolo - Edizione 2013;1.15.8.2;
Layer;2008 - Coperture vettoriali dell'uso del suolo - Edizione 2011;1.15.8.3;
Layer;2003 - Coperture vettoriali dell'uso del suolo - Edizione 2011;1.15.8.4;
Layer;1994 - Coperture vettoriali dell'uso del suolo - Edizione 2010;1.15.8.5;
Layer;1976 - Coperture vettoriali dell'uso del suolo - Edizione 2011;1.15.8.6;
Layer;1853 - Coperture vettoriali uso del suolo storico - Edizione 2007 (poligoni);1.15.8.7;no
Layer;1853 - Coperture vettoriali uso del suolo storico - Edizione 2007 (punti);1.15.8.8;no
Layer;1853 - Coperture vettoriali dell'uso del suolo storico - Edizione 2011 (poligoni);1.15.8.9;
Layer;1853 - Coperture vettoriali dell'uso del suolo storico - Edizione 2011 (punti);1.15.8.10;
Layer;1994 - Coperture vettoriali dell'uso del suolo - Edizione 2015;1.15.8.11;no
Folder;Servizi di pubblica utilità - Comunicazione;1.16;
Folder;Salute;1.17;
Folder;Epidemiologia;1.17.1;
Folder;Localizzazione servizi;1.17.2;
Folder;Società;1.18;
Folder;Beni culturali;1.18.1;
Folder;Demografia;1.18.2;
Folder;Istruzione;1.18.3;
Folder;Strutture;1.19;
Folder;Edifici;1.19.1;
Link Layer;DBTR - Cassone edilizio - (FAB_GPG);1.19.1.1;
Link Layer;DBTR - Edificio - (EDI_GPG);1.19.1.2;
Link Layer;DBTR - Unità volumetrica - (UVL_GPG);1.19.1.3;
;Impianti di monitoraggio ambientale;1.19.2;no
;Infrastrutture a rete;1.19.3;
Layer;Passaggi a livello - 1:10.000 (Digitale) - Edizione del 1988;1.19.3.1;
Layer;Ponti - 1:10.000 (Digitale) - Edizione del 1988;1.19.3.2;
;Produzione di impianti industriali;1.19.4;no
;Trasporti;1.20;
;Aereo;1.20.1;no
;Marittimo e fluviale;1.20.2;no
;Terrestre;1.20.3;
Link Layer;DBTR - Elemento di percorso ciclabile - (EPC_GLI);1.20.3.1;
Link Layer;DBTR - Elemento ferroviario - (EFE_GLI);1.20.3.2;
Link Layer;DBTR - Elemento viabilità mista secondaria - (EVS_GLI);1.20.3.3;
Link Layer;DBTR - Intersezione di infrastruttura di trasporto su ferro - (IFE_GPT);1.20.3.4;
Link Layer;DBTR - Sentiero - (SEN_GLI);1.20.3.5;
Link Layer;DBTR - Strada - (STR_GLI);1.20.3.6;
Link Layer;DBTR - Toponimo stradale comunale - (TPS_GLI);1.20.3.7;
Layer;Archi ferroviari - 1:10.000 (Digitale) - Edizione del 1988;1.20.3.8;
Layer;Archi stradali - 1:10.000 (Digitale) - Edizione del 1988;1.20.3.9;
Folder;AGEA;1.21;
Layer;Ortofoto multifunzione EMILIA-ROMAGNA - AGEA 2008 (Digitale) ;1.21.1;
Folder;Mappe cartacee;2.1;
Folder;Acque interne;2.1.1;no
Folder;Acque marine;2.1.2;no
Folder;Agricoltura;2.1.3;no
Folder;Altimetria e morfologia;2.1.4;no
Folder;Ambiente;2.1.5;
Resource;Itinerari geologico-ambientali nel Parco Nazionale Foreste Casentinesi 1:60.000 - Edizione 2002;2.1.5.1;
Resource;Itinerari geologico-ambientali nella Val Ceno 1:60.000 - Edizione 1999;2.1.5.2;
Resource;Itinerari geologico-ambientali nella Val Trebbia 1:30.000 - Edizione 2002;2.1.5.3;
Resource;Itinerari geologico-ambientali nelle Colline Bolognesi 1:50.000 - Edizione 2001;2.1.5.4;
Resource;Itinerari geologico-ambientali nelle Terre Matildiche tra Canossa e Quattro Castella 1:15.000 - Edizione 2004;2.1.5.5;
Folder;Vegetazione;2.1.5.6;
Resource;Carta della vegetazione - Alta Val Parma e Cedra - Edizione 2002;2.1.5.6.1;
Resource;Carta della vegetazione - Alto Appennino Reggiano Foglio Est - Edizione 2002;2.1.5.6.2;
Resource;Carta della vegetazione - Monte Nero (PC) - Edizione 2004;2.1.5.6.3;
Resource;Carta della vegetazione - Parco regionale dei Boschi di Carrega - Edizione 1999;2.1.5.6.4;
Resource;Carta della vegetazione - Parco regionale dei Gessi Bolognesi e Calanchi dell'Abbadessa - Edizione 1999;2.1.5.6.5;
Resource;Carta della vegetazione - Parco regionale dei Laghi di Suviana e Brasimone - Edizione 2002;2.1.5.6.6;
Resource;Carta della vegetazione - Parco regionale dei Sassi di Roccamalatina - Edizione 1996;2.1.5.6.7;
Resource;Carta della vegetazione - Parco regionale del Corno alle Scale - Edizione 2002;2.1.5.6.8;
Resource;Carta della vegetazione - Parco regionale del Delta del Po - Stazione Campotto di Argenta - Edizione 1999;2.1.5.6.9;
Resource;Carta della vegetazione - Parco regionale del Delta del Po - Stazione Pineta di Classe e Saline di Cervia - Edizione 1999;2.1.5.6.10;
Resource;Carta della vegetazione - Parco regionale del Delta del Po - Stazione Pineta di San Vitale e Piallasse di Ravenna - Edizione 1999;2.1.5.6.11;
Resource;Carta della vegetazione - Parco regionale del Delta del Po - Stazione Volano - Mesola - Goro - Edizione 1999;2.1.5.6.12;
Resource;Carta della vegetazione - Parco regionale dell'Abbazia di Monteveglio - Edizione del 2004;2.1.5.6.13;
Resource;Carta della vegetazione - Parco regionale del Delta del Po - Stazioni Centro storico e Valli di Comacchio - Edizione 1999;2.1.5.6.14;
Resource;Carta della vegetazione - Parco regionale dell'alto Appennino Modenese Foglio Est - Edizione 1994;2.1.5.6.15;
Resource;Carta della vegetazione - Parco regionale di Monte Sole - Contrafforte Pliocenico - Edizione 1996;2.1.5.6.16;
Resource;Carta della vegetazione - Parco regionale fluviale del Taro - Edizione 1999;2.1.5.6.17;
Resource;Carta della vegetazione - Parco regionale fluviale dello Stirone - Edizione 2002;2.1.5.6.18;
Resource;Carta della vegetazione - Tavola 236 - SE Montese - Edizione 1990;2.1.5.6.19;
Resource;Carta della vegetazione - Torriana - Sezione 267010 - Edizione 1995;2.1.5.6.20;
Resource;Carta della vegetazione - Valle del Sintria (RA) - Edizione 2004;2.1.5.6.21;
Resource;Carta della vegetazione - Versante romagnolo del Parco nazionale delle Foreste Casentinesi - M. Falterona - Campigna - Edizione 1995;2.1.5.6.22;
Resource;Carte della vegetazione dei Parchi regionali dell'Emilia-Romagna - Edizione 2004;2.1.5.6.23;
Resource;Carta della vegetazione - Parco regionale dell'alto Appennino Modenese Foglio Ovest - Edizione 1994;2.1.5.6.24;
Resource;Carta della vegetazione - Alto Appennino Reggiano Foglio Ovest - Edizione 2002;2.1.5.6.25;
Resource;Carta della vegetazione - Parco regionale dell'alto Appennino Modenese Foglio Ovest - Edizione 1994;2.1.5.6.26;
Folder;Escursionismo;2.1.5.7;
Resource;Carta Escursionistica 1:10.000 - Parco Regionale Sassi di Roccamalatina - Edizione 2010;2.1.5.7.1;no
Resource;Carta Escursionistica 1:25.000 - Parco Regionale Gessi Bolognesi e Calanchi dell'Abbadessa, Medie Valli Idice-Zena-Savena - Edizione 2017;2.1.5.7.2;
Resource;Carta Escursionistica 1:30.000 - Sentieri del Circuito Val Bidente e Val Rabbi - Edizione 2002;2.1.5.7.3;
Resource;Carta Escursionistica dell'Appennino Emiliano-Romagnolo 1:50.000 - Edizione 1996 - 2008;2.1.5.7.4;
Resource;Emilia-Romagna tra pianura e collina - Cofanetto;2.1.5.7.5;
Resource;Emilia-Romagna tra pianura e collina - Monografie;2.1.5.7.6;
Resource;Alta Via dei Parchi - Carte Escursionistiche 1:50.000;2.1.5.7.7;no
Resource;Alta Via dei Parchi carta nr. 1 - ALTO APPENNINO PARMENSE - Parco nazionale Appennino Tosco-Emiliano e Parco regionale Valli del Cedra e del Parma;2.1.5.7.8;no
Resource;Alta Via dei Parchi carta nr. 2 - ALTO APPENNINO REGGIANO -Parco nazionale Appennino Tosco-Emiliano;2.1.5.7.9;no
Resource;Alta Via dei Parchi carta nr. 3 - ALTO APPENNINO MODENESE - Parco regionale Alto Appennino modenese e Parco regionale Corno alle Scale;2.1.5.7.10;no
Resource;Alta Via dei Parchi carta nr. 4 - ALTO APPENNINO BOLOGNESE - Parco regionale Corno alle Scale e parco regionale laghi di Suviana e Brasimone;2.1.5.7.11;no
Resource;Alta Via dei Parchi carta nr. 5 - APPENNINO IMOLESE - Parco regionale Vena del Gesso Romagnola ovest;2.1.5.7.12;no
Resource;Alta Via dei Parchi carta nr. 6 - APPENNINO FAENTINO - Parco regionale Vena del Gesso Romagnola;2.1.5.7.13;no
Resource;Alta Via dei Parchi carta nr. 7 - ALTO APPENNINO FORLIVESE - Parco nazionale Foreste Casentinesi, monte Falterona e Campigna nord;2.1.5.7.14;no
Resource;Alta Via dei Parchi carta nr. 8 - ALTO APPENNINO FORLIVESE E CESENATE - Parco nazionale Foreste Casentinesi, monte Falterona e Campigna sud;2.1.5.7.15;no
Resource;Alta Via dei Parchi - Carte Escursionistiche 1:50.000. Cofanetto contenente 8 carte;2.1.5.7.16;no
Resource;Carta Escursionistica 1:25.000 - Parco Nazionale delle Foreste Casentinesi, Monte Falterona e Campigna - Edizione 2001;2.1.5.7.17;
Resource;Carta Escursionistica 1:25.000 - Comune di Castel d'Aiano - Edizione 2011;2.1.5.7.18;
Resource;Carta Escursionistica 1:25.000 - Appennino Tosco-Romagnolo - Percorsi escursionistici fra le valli del Lamone e del Senio. Sentieri Garibaldi e Frassati - Edizione 2012;2.1.5.7.19;
Resource;Carta Escursionistica 1:25.000 - Parco Regionale Gessi Bolognesi e Calanchi dell'Abbadessa, Medie Valli Idice-Zena-Savena - Edizione 2017;2.1.5.7.20;
Resource;Itinerari geologico-ambientali nella Valle del Marecchia;2.1.5.8;
Resource;Itinerari geologico-ambientali nelle terre del piacenziano dalla valle del Vezzeno allo Stirone;2.1.5.9;
Resource;Trekking & Mountain Bike al Cimone;2.1.5.10;
Resource;Trekking & Mountain Bike al Corno alle Scale;2.1.5.11;
Folder;Biologia;2.1.6;non pubblicato
Folder;Cartografia di base;2.1.7;
Resource;Carta culturale-turistica di Bologna 1:6.000 - 1:25.000 - Edizione 2000;2.1.7.1;
Resource;Carta da satellite dell'Emilia-Romagna 1:250.000 - Edizione 2000;2.1.7.2;
Resource;Carta Fisico-Politica 1:250.000 - Edizione 2008;2.1.7.3;
Resource;Carta Storica Regionale 1:50.000 - Edizione 1999;2.1.7.4;
Resource;Carta Tecnica Regionale 1:5.000 - Edizione aggiornata;2.1.7.5;
Resource;Carta Tecnica Regionale 1:5.000 - Prima edizione;2.1.7.6;
Resource;Carta Topografica Regionale 1:200.000 - Edizione 1981;2.1.7.7;non pubblicato
Resource;Carta Topografica Regionale 1:25.000 - Edizione definitiva;2.1.7.8;
Resource;Carta Topografica Regionale 1:25.000 - Edizione provvisoria;2.1.7.9;
Resource;Carta Topografica Regionale 1:250.000 - Edizione 1994;2.1.7.10;
Resource;Carta Topografica Regionale 1:50.000 - Edizione 1987;2.1.7.11;
Resource;Carta Topografica Regionale 1:50.000 - Foglio Speciale Bologna;2.1.7.12;
Resource;Cartografia topografica locale a grande scala 1:1.000 - Ravenna - Edizione 1979;2.1.7.13;
Resource;Cartografia topografica locale a grande scala 1:2.000 - Budrio - Edizione 1980;2.1.7.14;
Resource;Cartografia topografica locale a grande scala 1:2.000 - Cesena - Edizione 1979 - 1981;2.1.7.15;
Resource;Cartografia topografica locale a grande scala 1:2.000 - Comacchio - Edizione 1978;2.1.7.16;
Resource;Cartografia topografica locale a grande scala 1:2.000 - S. Giovanni in Persiceto - Edizione 1979;2.1.7.17;
Resource;Carta Tecnica Regionale 1:10.000 - Edizione aggiornata;2.1.7.18;
Resource;Carta Tecnica Regionale 1:10.000 - Prima edizione;2.1.7.19;
Folder;Climatologia e meteorologia;2.1.8;non pubblicato
Folder;Confini;2.1.9;non pubblicato
Folder;Economia;2.1.10;non pubblicato
Folder;Informazioni geoscientifiche;2.1.11;
Resource;Carta clivometrica 1:25.000 - Prima edizione;2.1.11.1;
Resource;Carta del Rischio Geo-Ambientale 1:250.000 - Edizione 1994;2.1.11.2;
Resource;Carta geologico-strutturale dell'Appennino Emiliano-Romagnolo 1:250.000 - Edizione 2002;2.1.11.3;
Resource;Carta Litologica 1:25.000 - Edizione 1984;2.1.11.4;
Resource;Carta Morfologica 1:200.000 - Edizione 1980;2.1.11.5;
Resource;Carta Sismotettonica della Regione Emilia-Romagna 1:250.000 - Edizione 2004;2.1.11.6;
Resource;Il Paesaggio Geologico dell'Emilia-Romagna - Edizione 2009;2.1.11.7;
Resource;Le Pietre di Bologna - Litologia di una città - Edizione 2005;2.1.11.8;
Resource;Schema direttore della pericolosità geo-ambientale - Edizione 2002;2.1.11.9;
Folder;Cartografia dei suoli;2.1.11.10;
Resource;Carta dei suoli di semidettaglio di pianura 1:50.000 - Edizione 1999;2.1.11.10.1;
Resource;I suoli dell'Emilia-Romagna 1:250.000 - Edizione 1994;2.1.11.10.2;
Folder;Cartografia geologica di base;2.1.11.11;
Resource;Carta Geologica d'Italia 1:50.000 - Edizione aggiornata;2.1.11.11.1;
Resource;Carta Geologica dell'Appennino Emiliano-Romagnolo 1:10.000 - Edizione cartacea;2.1.11.11.2;
Resource;Carta Geologica di pianura dell'Emilia-Romagna 1:250.000 - Edizione 1999;2.1.11.11.3;
Resource;Carta geologica regionale 1:25.000 - Edizione 2005;2.1.11.11.4;
Folder;Dissesto idrogeologico;2.1.11.12;
Resource;Bologna sotto Bologna - Carta Geoarcheologica;2.1.11.13;
Folder;Intelligence e settore militare;2.1.12;non pubblicato
Folder;Localizzazione;2.1.13;non pubblicato
Folder;Pianificazione e catasto;2.1.14;
Resource;Carta della Capacità d'Uso dei Suoli 1:200.000 - Prima edizione;2.1.14.1;
Resource;Carta di base del paesaggio archeologico 1:25.000 - Edizione 1989;2.1.14.2;
Folder;Usi del suolo;2.1.14.3;
Resource;Carta dell'Uso del Suolo 1:25.000 - edizione 1976;2.1.14.3.1;
Resource;Carta dell'Uso del Suolo 1:25.000 - edizione 1994;2.1.14.3.2;
Resource;Carta dell'uso del suolo 1:250.000 - edizione 2007;2.1.14.3.3;
Resource;Carta dell'uso del suolo storico 1:100.000 - Edizione 2007;2.1.14.3.4;
Resource;Carta dell'uso del suolo 2003 1:25.000 - tavola 201 SE Modena - Edizione 2005;2.1.14.3.5;
Resource;Carta dell'Uso Reale del Suolo 1:200.000 - edizione 1976;2.1.14.3.6;
Resource;Carta della Destinazione del Suolo 1:25.000 - prima edizione;2.1.14.3.7;
Folder;Servizi di pubblica utilità-Comunicazione;2.1.15;non pubblicato
Folder;Salute;2.1.16;non pubblicato
Folder;Società;2.1.17;
Resource;Piani Topografici di Censimento - Edizione 1971;;
Resource;Piani Topografici di Censimento - Edizione 1981;;
Folder;Strutture;2.1.18;non pubblicato
Folder;Trasporti;2.1.19;non pubblicato
Folder;Immagini;2.2;
Folder;Immagini aerofotografiche;2.2.1;
Resource;Riprese Aerofotografiche 1969-1973 - Riprese 1969-1973;2.2.1.1;
Resource;Riprese Aerofotografiche 1976-1978 - Riprese 1976-1978;2.2.1.2;
Resource;Riprese Aerofotografiche 1979-1981 - Riprese 1979-1981;2.2.1.3;non pubblicato
Resource;Riprese Aerofotografiche 1985-1986 - Riprese 1985-1986;2.2.1.4;
Resource;Riprese Aerofotografiche 1987-1988 - Riprese 1987-1988;2.2.1.5;non pubblicato
Resource;Riprese Aerofotografiche 1991 e 1993 - Riprese 1991 e 1993;2.2.1.6;non pubblicato
Resource;Riprese Aerofotografiche 1994 (Volo Italia) - Riprese 1994;2.2.1.7;non pubblicato
Resource;Riprese Aerofotografiche 1979 - Bologna;2.2.1.8;
Resource;Riprese Aerofotografiche 1979 - Piacenza;2.2.1.9;
Resource;Riprese Aerofotografiche 1979 - Forlì;2.2.1.10;
Resource;Riprese Aerofotografiche 1981 - Rimini;2.2.1.11;
Resource;Riprese Aerofotografiche 1987 - Riprese 1987;2.2.1.12;
Resource;Riprese Aerofotografiche 1988 - Riprese 1988;2.2.1.13;
Resource;Riprese Aerofotografiche Volo Italia 1988-1989 - Riprese 1988-1989;2.2.1.14;
Resource;Riprese Aerofotografiche Volo CTR 1/90 - Riprese 1991;2.2.1.15;
Resource;Riprese Aerofotografiche Volo Costa Adriatica - Riprese 1992 -1993;2.2.1.16;
Resource;Riprese Aerofotografiche Volo 2/91 - Riprese 1993;2.2.1.17;
Resource;Riprese Aerofotografiche Volo 1/92 - Riprese 1993;2.2.1.18;
Resource;Riprese Aerofotografiche Volo 2/92 - Riprese 1993;2.2.1.19;
Resource;Riprese Aerofotografiche Volo 93_08 - Riprese 1993;2.2.1.20;
Resource;Riprese Aerofotografiche Volo 93_25 - Riprese 1993;2.2.1.21;
Resource;Riprese Aerofotografiche Volo Italia 94 - Riprese 1994;2.2.1.22;
Folder;Immagini satellitari ;2.2.2;
Folder;Pubblicazioni;2.3;
Folder;Agricoltura e alimentazione;2.3.1;
Folder;Collana studi e ricerche;2.3.1.1;
Resource;Valutazione della tossicità per l'uomo degli antiparassitari ad uso agricolo - Il contributo della Regione Emilia-Romagna (II edizione);2.3.1.1.1;
Resource;Impatto dell'uso agricolo del suolo sul dissesto idrogeologico - Area pilota collina Cesenate;2.3.1.1.2;
Resource;La contaminazione dei vini da residui di fitofarmaci;2.3.1.1.3;
Folder;Pubblicazioni varie;2.3.1.2;
Resource;Gli animali domestici nella tradizione emiliano-romagnola - (bestiario popolare);2.3.1.2.1;
Resource;Pesca e nettarina - Marketing e strategie commerciali;2.3.1.2.2;
Resource;Ricerca di mercato in Germania e Francia per la promozione delle piante ornamentali da esterno prodotte in Emilia-Romagna;2.3.1.2.3;
Folder;Collana quaderni di alimentazione ;2.3.1.3;
Resource;Olivo e olio. - Il sapore mediterraneo in cucina (II edizione);2.3.1.3.1;
Folder;Ricettari e pubblicazioni per l'orientamento ai consumi alimentari ;2.3.1.4;
Resource;Dal fornello al computer - 100 ricette emiliane e romagnole (II ed. riveduta e ampliata);2.3.1.4.1;
Resource;Frutta e verdura - Salute e bellezza a tavola;2.3.1.4.2;non pubblicato
Resource;Quaderni d'informazione alimentare;2.3.1.4.3;
Resource;Sapori e valori dell'Emilia-Romagna;2.3.1.4.4;
Folder;Pubblicazioni per le scuole;2.3.1.5;
Resource;A spasso con Pilin - Piccole avventure alla scoperta di un'agricoltura rispettosa dell'ambiente (II edizione);2.3.1.5.1;
Resource;I viaggi di Sofia - Alla scoperta di come si producono miele, latte, marmellate;2.3.1.5.2;
Folder;Audiovisivi (cassette vhs);2.3.1.6;
Resource;La divulgazione agricola;2.3.1.6.1;
Resource;Progetto lotta integrata;2.3.1.6.2;
Resource;Il servizio di assistenza tecnica agli allevamenti;2.3.1.6.3;
Resource;I servizi di sviluppo agricolo;2.3.1.6.4;
Resource;Il rilevamento dei suoli nelle aziende;2.3.1.6.5;
Resource;L'assistenza tecnica all'impresa;2.3.1.6.6;
Resource;I disciplinari di produzione integrata;2.3.1.6.7;non pubblicato
Resource;Controllo delle infestanti;2.3.1.6.8;
Resource;Effluenti di allevamento:gestione e utilizzo;2.3.1.6.9;
Resource;Il Servizio fitosanitario dell'Emilia-Romagna;2.3.1.6.10;
Resource;Qualità in agricoltura;2.3.1.6.11;
Resource;Qualità controllata in zootecnia;2.3.1.6.12;
Resource;Essere agriturismo;2.3.1.6.13;
Resource;Sharka;2.3.1.6.14;
Resource;La pioppicoltura;2.3.1.6.15;
Resource;Il rilevamento dei suoli nelle aziende;2.3.1.6.16;
Folder;Manifesti;2.3.1.7;
Resource;Autunno - manifesto formato 70 x 100;2.3.1.7.1;
Resource;Estate - manifesto formato 70 x 100;2.3.1.7.2;
Resource;Inverno - manifesto formato 70 x 100;2.3.1.7.3;
Resource;Primavera - manifesto formato 70 x 100;2.3.1.7.4;
Folder;Ambiente e natura;2.3.2;
Folder;Collana naturalistica ;2.3.2.1;
Resource;Aspetti naturalistici delle zone umide salmastre dell'Emilia-Romagna;2.3.2.1.1;
Resource;Flora spontanea protetta, prodotti del sottobosco e funghi;2.3.2.1.2;
Resource;Flora e vegetazione dell'Emilia-Romagna;2.3.2.1.3;
Resource;La foresta Panfilia o Bosco di S.Agostino;2.3.2.1.4;
Resource;Aspetti naturalistici di alcune zone umide di acqua dolce della bassa Pianura Padana;2.3.2.1.5;
Resource;Il Monte Nero;2.3.2.1.6;
Resource;Le salse dell'Emilia-Romagna;2.3.2.1.7;
Resource;I boschi dell'Emilia-Romagna;2.3.2.1.8;
Resource;Le foreste di Campigna-Lama nell'Appennino tosco-romagnolo;2.3.2.1.9;
Resource;La Valle del Marecchia;2.3.2.1.10;
Resource;Aspetti naturalistici delle zone umide salmastre dell'Emilia-Romagna;2.3.2.1.11;
Resource;Oltre il limite degli alberi;2.3.2.1.12;
Resource;Le ofioliti dell'Appennino emiliano;2.3.2.1.13;
Resource;La vena del Gesso;2.3.2.1.14;
Resource;I funghi dell'Emilia-Romagna;2.3.2.1.15;
Resource;Geositi: testimoni del tempo - Fondamenti per la conservazione del patrimonio geologico;2.3.2.1.16;
Folder;Collana aree protette della Regione Emilia-Romagna;2.3.2.2;
Resource;Parco Regionale Alto Appennino Reggiano (Parco del Gigante);2.3.2.2.1;
Resource;Parchi e Riserve dell'Emilia Romagna - 26 cartine con informazioni naturalistiche e storiche, punti di interesse, notizie e itinerari consigliati;2.3.2.2.2;
Resource;Parco Regionale Fluviale del Taro;2.3.2.2.3;
Resource;Riserva naturale di Alfonsine;2.3.2.2.4;
Resource;Parco Regionale Corno alle Scale;2.3.2.2.5;
Resource;Parco Regionale Sassi di Roccamalatina;2.3.2.2.6;
Resource;Parco Regionale Fluviale dello Stirone;2.3.2.2.7;
Resource;Riserva Naturale Orientata di Onferno;2.3.2.2.8;
Resource;Parco Regionale dell'Alto Appennino Modenese;2.3.2.2.9;
Resource;Riserva naturale orientata Cassa di espansione del fiume Secchia;2.3.2.2.10;
Resource;Parco regionale Gessi Bolognesi e Calanchi dell'Abbadessa;2.3.2.2.11;
Resource;Riserva naturale orientata Bosco di Scardavilla;2.3.2.2.12;
Resource;Parco Storico Regionale Monte Sole;2.3.2.2.13;
Resource;Riserva naturale orientata Bosco della Frattona;2.3.2.2.14;
Resource;Parco regionale della Vena del Gesso Romagnola;2.3.2.2.15;
Folder;Altri titoli ;2.3.2.3;
Resource;Alberi e arbusti dell'Emilia-Romagna;2.3.2.3.1;
Resource;Case di pietra - il recupero del patrimonio edilizio nel demanio forestale;2.3.2.3.2;
Resource;Guida alle piante legnose dell'Emilia-Romagna;2.3.2.3.3;
Resource;Parco regionale dell'Alto Appennino Modenese - l'ambiente vegetale;2.3.2.3.4;
Resource;Atlante della Flora protetta della Regione Emilia-Romagna;2.3.2.3.5;
Resource;Atlante delle Pteridofite nella Regione Emilia-Romagna - Riconoscimento, distribuzione e note sull'ecologia delle Felci e piante affini in Emilia-Romagna;2.3.2.3.6;
Resource;Atlante dei Macromiceti della Regione Emilia-Romagna - Valutazioni della biodiversità micologica nel territorio regionale, nelle singole provincie, nelle aree protette e in boschi di particolare interesse ambientale;2.3.2.3.7;
Resource;La flora di altitudine dell'Appennino tosco-emiliano;2.3.2.3.8;
Resource;Le aree di riequilibrio ecologico - una peculiarità della Regione Emilia Romagna;2.3.2.3.9;
Resource;Lista rossa degli uccelli nidificanti in Emilia-Romagna - Indicazioni per la conservazione dell'avifauna regionale;2.3.2.3.10;
Resource; Rete Natura 2000 in Emilia-Romagna - Manuale per conoscere e conservare la biodiversità;2.3.2.3.11;non pubblicato
Resource;Fauna Minore - Tutela e conservazione in Emilia-Romagna;2.3.2.3.12;non pubblicato
Folder;Poster;2.3.2.4;
Resource;Funghi - Poster colore, formato cm 70 x 100.;2.3.2.4.1;
Resource;Flora Spontanea Protetta (Tav. II) - Poster colore, formato cm 70 x 100.;2.3.2.4.2;
Resource;Mammiferi - Fauna minore dell'Emilia-Romagna - Poster colore;2.3.2.4.3;non pubblicato
Resource;Pesci - Fauna minore dell'Emilia-Romagna - Poster colore;2.3.2.4.4;non pubblicato
Resource;Pipistrelli - Fauna minore dell'Emilia-Romagna - Poster colore;2.3.2.4.5;non pubblicato
Folder;Alta Via dei Parchi ;2.3.2.5;
Resource;Alta Via dei Parchi;2.3.2.5.1;
Resource;Il taccuino dell'escursionista - Moleskine;2.3.2.5.2;
Resource;Alta Via dei Parchi - Carte Escursionistiche 1:50.000. Cofanetto contenente 8 carte;2.3.2.5.3;
Resource;Alta Via dei Parchi carta nr. 1 - ALTO APPENNINO PARMENSE - Parco nazionale Appennino Tosco-Emiliano e Parco regionale Valli del Cedra e del Parma;2.3.2.5.4;
Resource;Alta Via dei Parchi carta nr. 2 - ALTO APPENNINO REGGIANO - Parco nazionale Appennino Tosco-Emiliano;2.3.2.5.5;
Resource;Alta Via dei Parchi carta nr. 3 - ALTO APPENNINO MODENESE - Parco regionale Alto Appennino modenese e Parco regionale Corno alle Scale;2.3.2.5.6;
Resource;Alta Via dei Parchi carta nr. 4 - ALTO APPENNINO BOLOGNESE - Parco regionale Corno alle Scale e parco regionale laghi di Suviana e Brasimone;2.3.2.5.7;
Resource;Alta Via dei Parchi carta nr. 5 - APPENNINO IMOLESE - Parco regionale Vena del Gesso Romagnola ovest;2.3.2.5.8;
Resource;Alta Via dei Parchi carta nr. 6 - APPENNINO FAENTINO - Parco regionale Vena del Gesso Romagnola;2.3.2.5.9;
Resource;Alta Via dei Parchi carta nr. 7 - ALTO APPENNINO FORLIVESE - Parco nazionale Foreste Casentinesi, monte Falterona e Campigna nord;2.3.2.5.10;
Resource;Alta Via dei Parchi carta nr. 8 - ALTO APPENNINO FORLIVESE E CESENATE - Parco nazionale Foreste Casentinesi, monte Falterona e Campigna sud;2.3.2.5.11;
Resource;Meridiani Montagne;2.3.2.5.12;
Folder;Riviste;2.3.2.6;
Resource;Storie Naturali n.6/2011;2.3.2.6.1;
Resource;Storie Naturali n.7/2013;2.3.2.6.2;
Resource;Storie Naturali n.9/2015;2.3.2.6.3;
Folder;Fauna Minore;2.3.2.7;
Resource;Fauna Minore - Tutela e conservazione in Emilia-Romagna;2.3.2.7.1;
Resource;Mammiferi - Fauna minore dell'Emilia-Romagna - Poster colore;2.3.2.7.2;
Resource;Pesci - Fauna minore dell'Emilia-Romagna - Poster colore;2.3.2.7.3;
Resource;Pipistrelli - Fauna minore dell'Emilia-Romagna - Poster colore;2.3.2.7.4;
Resource;Anfibi - Fauna minore dell'Emilia-Romagna - Poster colore;2.3.2.7.5;
Resource;Coleotteri - Fauna minore dell'Emilia-Romagna - Poster colore;2.3.2.7.6;
Resource;Farfalle - Fauna minore dell'Emilia-Romagna - Poster colore;2.3.2.7.7;
Resource;Rettili - Fauna minore dell'Emilia-Romagna - Poster colore;2.3.2.7.8;
Folder;Ciclovie dei Parchi;2.3.2.8;
Resource;Ciclovie dei Parchi;2.3.2.8.1;
Folder;Cartografia e territorio;2.3.3;
Folder;Urbanistica;2.3.3.1;
Resource;Piano Territoriale Paesistico Regionale;2.3.3.1.1;non pubblicato
Resource;Decisione delle osservazioni presentate al piano territoriale paesistico regionale - Bollettino Ufficiale Regione Emilia Romagna n.75 del 08/09/1993;2.3.3.1.2;
Resource;La città di domani: strategie, programmi, progetti di riqualificazione urbana. Forum 2000 - Atti del convegno internazionale Bologna, 24-25 gennaio 2000;2.3.3.1.3;
Folder;Archeologia;2.3.3.2;
Resource;Paesaggio archeologico regionale - Primi elementi per il rilievo in Emilia-Romagna;2.3.3.2.1;
Resource;Elementi archeologici in Emilia-Romagna - Vincoli relativi alla legge 1089 del 1 giugno 1939;2.3.3.2.2;
Folder;Geologia ;2.3.3.3;
Resource;Progetto Cartografia Geologica - Atti del Seminario Bologna, 22-23 febbraio 1985;2.3.3.3.1;
Resource;Geologia delle grandi aree urbane - Progetto strategico CNR - Atti del convegno - Bologna, 4/5 Novembre 1997;2.3.3.3.2;
Resource;I numeri sulle frane;2.3.3.3.3;
Resource;Le Pianure: conoscenza e salvaguardia. Il contributo delle scienze della terra - Atti del convegno - Ferrara 8119 Novembre 1999;2.3.3.3.4;
Resource;Riserve idriche sotterranee della regione Emilia-Romagna - cofanetto contenente la relazione e 9 allegati cartografici;2.3.3.3.5;
Resource;Note illustrative della Carta del dissesto geologico attuale, Foglio 218 SE - Carpineti in scala 1:25.000;2.3.3.3.6;
Resource;Manuale Cromatico di riferimento per la stampa delle Carte Geologiche - Carta Geologica d'Italia Progetto CARG;2.3.3.3.7;
Resource;Raccontare la Terra - 14 itinerari geologici in Emilia-Romagna;2.3.3.3.8;
Resource;I Dinosauri italiani e altri vertebrati fossili del nostro paese - Guida fotografica alla mostraMuseo Geologico Giovanni Capellini, Bologna5 settembre 2009 - 11 gennaio 2010;2.3.3.3.9;
Resource;Museo Geologico Giovanni Capellini - Guida Breve per Immagini - Short Picture Guide;2.3.3.3.10;
Resource;1ST European Congress On Regional Geological Cartography And Information Systems - Bologna June 13-16, 1994 - Proceedings, Volume I;2.3.3.3.11;non pubblicato
Resource;Speleologia e geositi carsici in Emilia-Romagna;2.3.3.3.12;
Resource;La pianura - Geologia, suoli e ambienti in Emilia-Romagna;2.3.3.3.13;
Resource;Il sistema mare-costa dell'Emilia-Romagna;2.3.3.3.14;
Resource;Acque dalle rocce, una ricchezza della montagna;2.3.3.3.15;
Folder;Pedologia;2.3.3.4;
Resource;I suoli dell'Emilia-Romagna - Note illustrative e carta alla scala 1:250.000;2.3.3.4.1;
Resource;Cartografia tematica per la valutazione del territorio del comprensorio della bassa pianura Modenese;2.3.3.4.2;
Resource;"Cartografia tematica per la valutazione del territorio - Comprensorio ""Monte Cavallo-Corno alle Scale""";2.3.3.4.3;
Resource;I suoli della Pianura Modenese;2.3.3.4.4;
Resource;I suoli della collina cesenate;2.3.3.4.5;
Resource;I suoli della bassa pianura ravennate;2.3.3.4.6;
Resource;Carta Pedologica provincia di Ferrara - prima raccolta ed analisi dei dati chimici e fisici dei suoli della provincia di Ferrara;2.3.3.4.7;
Resource;Carta Pedologica provincia di Forlì - prima raccolta ed analisi dei dati chimici e fisici dei suoli della provincia di Forlì;2.3.3.4.8;
Resource;Carta Pedologica provincia di Bologna - prima raccolta ed analisi dei dati chimici e fisici dei suoli della provincia di Bologna;2.3.3.4.9;
Resource;Carta Pedologica provincia di Modena - prima raccolta ed analisi dei dati chimici e fisici dei suoli della provincia di Modena;2.3.3.4.10;
Resource;Carta Pedologica provincia di Ravenna - prima raccolta ed analisi dei dati chimici e fisici dei suoli della provincia di Ravenna;2.3.3.4.11;
Resource;Carta Pedologica provincia di Parma - prima raccolta ed analisi dei dati chimici e fisici dei suoli della provincia di Parma;2.3.3.4.12;
Resource;Carta Pedologica provincia di Piacenza - prima raccolta ed analisi dei dati chimici e fisici dei suoli della provincia di Piacenza;2.3.3.4.13;
Resource;Capacità d'uso dei suoli della Regione Emilia-Romagna - Con carta della capacità d'uso dei suoli alla scala 1:200.000;2.3.3.4.14;
Folder;Topografia ;2.3.3.5;
Resource;Carta Tecnica Regionale alla scala 1:5.000 - Formazione della C.T.R. - Capitolato Speciale d'Appalto - Norme per il disegno e segni convenzionali -;2.3.3.5.1;
Resource;Carta Tecnica Regionale alla scala 1:5.000 - Contenuto, norme per il disegno e segni convenzionali;2.3.3.5.2;
Resource;"Carta Tecnica Regionale - Determinazioni topografiche nella formazione della Carta Tecnica Regionale - Raffittimento di reti geodetiche; punti fotografici d'appoggio; punti stabili di riferimento";2.3.3.5.3;
Resource;Carta Tecnica Regionale - Norme per l'esecuzione di poligonali geodimetriche sostitutive delle reti di raffittimento;2.3.3.5.4;
Resource;Carta Tecnica Regionale - Norme per la localizzazione dei punti d'appoggio dei blocchi per la compensazione con il programma di Ackermann;2.3.3.5.5;
Resource;Carte Generali a grande scala 1:1.000 - Contenuto - norme per il disegno - segni convenzionali;2.3.3.5.6;
Resource;Carte Generali a grande scala 1:2.000 - Contenuto - norme per il disegno - segni convenzionali;2.3.3.5.7;
Resource;Carte Generali a grande scala 1:1.000 E 1:2.000 - Capitolato speciale d'appalto - Contenuto - norme per il disegno - segni convenzionali;2.3.3.5.8;
Resource;Carta Tecnica Regionale - Istruzioni per l'uso dei modelli di calcolo, segni convenzionali, grafici;2.3.3.5.9;
Resource;"Cartografia numerica a scala 1:500 - Capitolato speciale d'appalto; prescrizioni tecniche; repertorio degli elementi e delle entità; contenuti e codici - bozza";2.3.3.5.10;
Resource;"Cartografia Fotogrammetrica numerica a scala 1:1.000 - Capitolato speciale d'appalto; repertorio degli elementi e delle entità - bozza";2.3.3.5.11;
Resource;"Cartografia Fotogrammetrica numerica a scala 1:2.000 - Capitolato speciale d'appalto; repertorio degli elementi e delle entità - bozza";2.3.3.5.12;
Resource;La cartografia tematica nella pianificazione territoriale - Atti della Tavola Rotonda, Palazzo Pepoli - Bologna, 30 settembre 1976;2.3.3.5.13;
Resource;"Carta fotogrammetrica numerica alla scala 1:5.000 - Capitolato speciale d'appalto; prescrizioni tecniche per l'esecuzione e il collaudo; repertorio degli elementi e delle entità";2.3.3.5.14;
Folder;Escursionismo e turismo;2.3.3.6;
Resource;Emilia-Romagna tra pianura e collina - Cofanetto;2.3.3.6.1;
Resource;Le vie del Duca - Recupero dell'antica viabilità nella pedemontana modenese ovest;2.3.3.6.2;
Resource;In viaggio lungo il Reno;2.3.3.6.3;
Resource;Carta del corso del Fiume Po ;2.3.3.7;
Folder;Educazione ambientale;2.3.4;
Resource;L'educazione ambientale in poche parole - Breve itinerario tra le parole chiave di una attività complessa e affascinante;2.3.4.1;
Resource;L'Europa sostenibile ha bisogno di educazione;2.3.4.2;
Resource;Una nuova frontiera di libertà - Culture e politiche per un futuro sostenibile;2.3.4.3;
Resource;Nuovi educatori ambientali / 2 - Esperienze seminariali nel Master in Educazione Ambientale;2.3.4.4;
Resource;Nuovi educatori ambientali / 1 - Il concorso dei saperi al Master in Educazione Ambientale;2.3.4.5;
Resource;Una rete di scuole per lo sviluppo sostenibile;2.3.4.6;
Resource;Dal piano di azione ambientale alla proposta educativa;2.3.4.7;
;Altro Materiale;2.4;
Resource;Tematismi numerici tratti dalla carta tecnica regionale 1:10.000 - Edizione 1991;2.4.1;non pubblicato
Resource;Carta Escursionistica della Regione Emilia-Romagna 1:5.000 - coperture vettoriali - Edizione 2008;2.4.2;
Resource;Carta escursionistica della Regione Emilia-Romagna 1:50.000 - immagini raster - Edizione 2007;2.4.3;
Resource;Carta geologica dell'Appennino emiliano-romagnolo 1:10.000 (immagini raster) - Edizione 2002;2.4.4;
Resource;Carta storica regionale - Uso del suolo storico - Edizione 2007;2.4.5;
Resource;Carte della vegetazione e della naturalità dei Parchi regionali e di altre zone. Coperture vettoriali 1:10.000 / 1:25.000 - Edizione 2004;2.4.6;
Resource;Carta degli habitat dei SIC e delle ZPS dell'Emilia-Romagna - Edizione 2007;2.4.7;non pubblicato
Resource;1976 - Coperture vettoriali dell'uso del suolo - Edizione 2011 (DVD);2.4.8;
Resource;1994 - Coperture vettoriali dell'uso del suolo - Edizione 2015 (DVD);2.4.9;
Resource;2003 - Coperture vettoriali dell'uso del suolo - Edizione 2011 (DVD);2.4.10;
Resource;2008 - Coperture vettoriali dell'uso del suolo - Edizione 2011 (DVD);2.4.11;
Resource;Database della vegetazione dei Parchi regionali - Gessi Bolognesi e Calanchi dell'Abbadessa, Laghi di Suviana e Brasimone, Abbazia di Monteveglio, Monte Sole;2.4.12;
